time_s,temperature_C,pwm,heat_cool
1.06,20.39,64,1
2.06,20.51,64,1
3.06,20.78,64,1
4.06,21.14,64,1
5.06,21.57,64,1
6.06,22.01,64,1
7.06,22.49,64,1
8.06,22.99,64,1
9.06,23.48,64,1
10.06,23.97,64,1
11.06,24.47,64,1
12.06,24.94,64,1
13.06,25.43,64,1
14.06,25.88,64,1
15.06,26.34,64,1
16.06,26.77,64,1
17.06,27.22,64,1
18.06,27.64,64,1
19.06,28.05,64,1
20.06,28.46,64,1
21.06,28.87,128,1
22.06,29.38,128,1
23.06,30.03,128,1
24.06,30.76,128,1
25.06,31.56,128,1
26.06,32.38,128,1
27.06,33.22,128,1
28.06,34.06,128,1
29.06,34.9,128,1
30.06,35.74,128,1
31.06,36.57,128,1
32.06,37.38,128,1
33.06,38.18,128,1
34.06,38.97,128,1
35.06,39.73,128,1
36.06,40.47,128,1
37.06,41.21,128,1
38.06,41.93,128,1
39.06,42.64,128,1
40.06,43.36,128,1
41.06,44.05,191,1
42.06,44.84,191,1
43.06,45.75,191,1
44.06,46.75,191,1
45.06,47.78,191,1
46.06,48.85,191,1
47.06,49.91,191,1
48.06,50.98,191,1
49.06,52.04,191,1
50.06,53.09,191,1
51.06,54.12,191,1
52.06,55.15,191,1
53.06,56.14,191,1
54.06,57.13,191,1
55.06,58.11,191,1
56.06,59.09,191,1
57.06,60.0,191,1
58.06,60.95,191,1
59.06,61.85,191,1
60.06,62.75,191,1
