direction,requested_percent,requested_pwm,actual_pwm,start_temp_c,steady_temp_c,time_s,wait_time_s
HEAT,0,0,0,21.18,21.15,60.06,59.0
HEAT,25,64,64,21.15,40.72625,121.06,60.0
HEAT,50,128,128,41.8,69.57000000000001,182.06,60.0
HEAT,75,191,191,71.03,61.25125,243.06,60.0
HEAT,100,255,255,59.63,66.26,304.06,60.0
COOL,0,0,0,64.42,44.65125,365.06,60.0
COOL,25,64,64,43.43,29.021250000000002,426.06,60.0
COOL,50,128,128,28.26,16.73375,487.06,60.0
COOL,75,191,191,16.12,5.2875,548.06,59.99999999999994
COOL,100,255,255,4.71,-6.47,609.06,60.0
